99550697,nyserq
99550697,41758984
99550697,80722428
dalaoshi9999,veverlee
119113192,dalaoshi9999
58570436,angle223
58570436,rakumm
58570436,49213881
58570436,lithiumberry
cazze,69290051
zuosan,69290051
zuosan,imecstasy
willdawn,TERRYBEAR
willdawn,yinxiang
willdawn,imecstasy
willdawn,shezaizuyi
wenzel,ingwerstein
wenzel,1815039
lithiumberry,3310354
lithiumberry,3718831
lithiumberry,58059498
Rabit43127157,sho_chiu
Rabit43127157,shaomao1
63730928,58059498
Makoto614,abin520918
Makoto614,satan163
Makoto614,wenzel
Makoto614,metkee
Makoto614,FrankWasabi
Makoto614,yinxiang
Makoto614,veverlee
Makoto614,xiubei
Makoto614,49213881
Makoto614,rakumm
36795841,AveryShen
fszzsndjdbxd,58059498
fszzsndjdbxd,yinxiang
fszzsndjdbxd,chunsue
rlly503,chunsue
rlly503,wenzel
heptahedron,lauraxue
dreamsun_94,rakumm
69290051,shezaizuyi
69290051,80722428
69290051,satan163
69290051,Huxinghang510
69290051,zuosan
69290051,rakumm
69290051,veverlee
69290051,46815070
69290051,53269895
69290051,58059498
69290051,3718831
3982646,wenzel
3982646,2003629
tuta,hualala
tuta,dormant
75805315,satan163
75805315,yinxiang
75805315,3718831
3310354,yinxiang
3310354,48198672
3310354,75805315
37313645,yinxiang
75609687,69290051
FrankWasabi,gegejing
FrankWasabi,imecstasy
FrankWasabi,chunsue
80722428,Sammyzheng
80722428,thecatintherye
80722428,veverlee
80722428,nyserq
tildali1214,yinxiang
helicopter,TheGZMovieGuy
helicopter,wenzel
66184715,gegejing
66184715,imecstasy
shuangyugongjue,yinxiang
4175111,veverlee
TERRYBEAR,rakumm
TERRYBEAR,angle223
56411248,rakumm
56411248,80722428
56411248,2946082
56411248,yinxiang
questwoo,blueshadow
verrivanii,rakumm
louis_li,some_Ji
chrisWen,Death1nJuly
some_Ji,louis_li
some_Ji,ingwerstein
thecatintherye,catherinehman
thecatintherye,chen1776
thecatintherye,byebyebadman
thecatintherye,wenzel
thecatintherye,blueshadow
thecatintherye,Sammyzheng
thecatintherye,sho_chiu
thecatintherye,80722428
thecatintherye,cazze
thecatintherye,shaomao1
thecatintherye,chunsue
gegejing,FrankWasabi
gegejing,fotox
gegejing,zuosan
gegejing,yinxiang
jiangziwen,maydaysweety
151844672,54300054
151844672,48687824
12388561,along
57774716,veverlee
57774716,chunsue
maydaysweety,jiangziwen
accelerator21,58059498
1058726,chunsue
sweetnnuthin423,wenzel
sweetnnuthin423,FrankWasabi
mrdalloway,mrdalloway
54300054,151844672
74058657,yinxiang
yupian,8-Oct
158574352,58059498
158574352,1815039
yinxiang,58059498
yinxiang,75805315
yinxiang,wenzel
yinxiang,ruo222
angle223,TERRYBEAR
hankluo,veverlee
hankluo,wenzel
hankluo,chunsue
hankluo,yinxiang
hankluo,niguize
49213881,58059498
49213881,yinxiang
satan163,Makoto614
satan163,75805315
satan163,58059498
satan163,nangle
satan163,1815039
satan163,S.Q.X
satan163,3718831
satan163,veverlee
satan163,yinxiang
137763528,69290051
119429128,157237265
119429128,153950189
119429128,156064887
67374495,ZebraBookstore
67374495,yinxiang
67374495,69290051
45749483,hankluo
45749483,aaaaaaaaaaa
131719688,chesterchoi
YYDEE,veverlee
YYDEE,yinxiang
YYDEE,wenzel
iorl,wenzel
iorl,angle223
iorl,ingwerstein
iorl,rakumm
iorl,yinxiang
iorl,veverlee
iorl,along
153950189,157237265
153950189,119429128
156064887,veverlee
156064887,157237265
156064887,119429128
147019613,Amelieyou
147019613,veverlee
147019613,46815070
3407891,wenzel
3407891,yinxiang
david214,veverlee
david214,shezaizuyi
david214,pussio
david214,blueshadow
david214,Bplus
orangeumoon,58059498
huitianyou,a3san
61276700,veverlee
157237265,119429128
157237265,153950189
157237265,156064887
63661558,angle223
63661558,veverlee
Bplus,aaaaaaaaaaa
Bplus,chunsue
Bplus,david214
126028524,yinxiang
typhanie,rakumm
53983091,veverlee
141283048,chunsue
byebyebadman,chunsue
byebyebadman,yinxiang
byebyebadman,ivanshark
43846305,wenzel
55340250,3310354
148975016,69290051
exploremore,8-Oct
exploremore,dormant
76785140,69290051
76785140,angle223
veverlee,63661558
veverlee,4175111
veverlee,satan163
veverlee,2003629
veverlee,chunsue
youngriver,rakumm
kurillaz,1815039
kurillaz,veverlee
kurillaz,sho_chiu
kurillaz,suzanne1005
direvil,shezaizuyi
direvil,FrankWasabi
direvil,58059498
luoshuiyunshang,8-Oct
135867497,58059498
50491497,petertang
a2555,58059498
a2555,69290051
imecstasy,zuosan
imecstasy,FrankWasabi
imecstasy,chunsue
imecstasy,3718831
Huxinghang510,abin520918
Huxinghang510,1815039
Huxinghang510,69290051
Huxinghang510,58059498
Huxinghang510,53269895
1815039,158574352
1815039,Huxinghang510
1815039,58059498
1815039,imecstasy
1815039,3718831
1815039,satan163
1815039,yinxiang
1815039,wenzel
nyserq,80722428
Hurtbreak,yinxiang
53269895,fotox
53269895,Huxinghang510
53269895,yinxiang
53269895,69290051
fotox,gegejing
lzzzzzfbee,satan163
lzzzzzfbee,veverlee
31528814,69290051
31528814,yanluohan
doodieblah,blueshadow
xiongyede,wenzel
xiongyede,blueshadow
blueshadow,chunsue
blueshadow,satan163
blueshadow,iorl
4426368,blueshadow
suzanne1005,foofights
yamap9thApr.,blueshadow
yamap9thApr.,69290051
yamap9thApr.,wenzel
nangle,FrankWasabi
nangle,satan163
59715109,58059498
59715109,rakumm
59715109,2429292
59715109,veverlee
59715109,wenzel
115552732,53886643
115552732,wenzel
115552732,80722428
115552732,yinxiang
115552732,58059498
115552732,petertang
115552732,FrankWasabi
83671494,veverlee
56959224,angle223
56959224,nyserq
134500343,imecstasy
36149701,chunsue
36149701,ivanshark
2946082,56411248
2946082,138168992
nieblalan,63730928
nieblalan,49213881
nieblalan,rakumm
nieblalan,3718831
nieblalan,boks
nieblalan,FrankWasabi
nieblalan,wenzel
nieblalan,yinxiang
yanluohan,wenzel
abin520918,shezaizuyi
abin520918,49213881
abin520918,zuosan
abin520918,rakumm
abin520918,53269895
abin520918,48687824
abin520918,Huxinghang510
abin520918,byebyebadman
abin520918,scaryzion
abin520918,satan163
abin520918,along
abin520918,FrankWasabi
abin520918,imecstasy
abin520918,1815039
abin520918,69290051
abin520918,58059498
abin520918,3718831
abin520918,veverlee
abin520918,3310354
abin520918,angle223
abin520918,wenzel
abin520918,yinxiang
abin520918,chunsue
hualala,58059498
hualala,3718831
hualala,wenzel
hualala,veverlee
hualala,iorl
hualala,tuta
dormant,nevertori
dormant,tuta
54277204,sunny.de.sky
54277204,46721798
zhoujiaqi,yinxiang
zhoujiaqi,wenzel
yestrovsky,wenzel
shaomao1,chunsue
shaomao1,3718831
shaomao1,Death1nJuly
49612534,3718831
2472867,yinxiang
2472867,3718831
2472867,69290051
2472867,58059498
2472867,veverlee
2472867,wenzel
S.Q.X,yinxiang
81834646,48687824
81834646,63661558
wangyi_fly,yinxiang
wangyi_fly,veverlee
wangyi_fly,satan163
wangyi_fly,chunsue
wangyi_fly,shaomao1
chesterchoi,131719688
131616351,47904693
bigsheng,satan163
bigsheng,Black2018
74561416,veverlee
74561416,49213881
74561416,angle223
74561416,satan163
74561416,FrankWasabi
90028520,58059498
127588837,69290051
46665080,50438518
46665080,wenzel
50438518,46665080
29907289,AlohA0407
84381652,48687824
84381652,veverlee
84381652,58059498
102691619,veverlee
102691619,wenzel
1722091,yinxiang
bridge3water,chunsue
63401608,helicopter
141749699,fotox
141749699,108077404
elingwu,angle223
minsi,yinxiang
zoejuan,yinxiang
41521988,1815039
41521988,chunsue
131486471,blueshadow
131486471,chunsue
72870072,angle223
se7en_moxa,chunsue
58059498,satan163
58059498,yinxiang
58059498,69290051
58059498,3718831
58059498,veverlee
58059498,imecstasy
nancyasuka,imecstasy
a3san,wenzel
a3san,huitianyou
97637940,zuosan
97637940,yinxiang
97637940,69290051
97637940,fotox
TheGZMovieGuy,helicopter
scaryzion,boks
foofights,suzanne1005
40008975,satan163
MuseK,yinxiang
45008619,chunsue
120008046,fotox
120008046,58059498
53559432,48198672
Sophieless,nieblalan
ivanshark,iorl
melodykyo,69290051
145223183,chunsue
129828192,petertang
129828192,Jimmydtc
129828192,shezaizuyi
129828192,69290051
129828192,48687824
129828192,fotox
129828192,imecstasy
129828192,satan163
129828192,58059498
129828192,1815039
fhbaidu,chunsue
138005096,chunsue
151706549,yinxiang
jillianc,imecstasy
jillianc,satan163
48198672,3310354
48198672,53559432
catherinehman,thecatintherye
catherinehman,sho_chiu
catherinehman,pussio
catherinehman,satan163
catherinehman,chunsue
sunny.de.sky,54277204
sunny.de.sky,satan163
2697141,69290051
coreless,chunsue
coreless,34117542
coreless,wenzel
coreless,Hurtbreak
coreless,chen1776
72783700,petertang
72783700,chunsue
72783700,veverlee
masterobert,satan163
53886643,115552732
53886643,50790386
53886643,Newidiot
bany,blueshadow
145149457,chunsue
145149457,veverlee
grassgggg,80722428
ingwerstein,along
ingwerstein,wenzel
87083309,veverlee
87083309,tildali1214
87083309,imecstasy
87083309,Sammyzheng
minquan,53269895
68325010,58059498
xumanman,wenzel
144975066,chunsue
144975066,yinxiang
63512808,chunsue
hjscez,porKiller
hjscez,wenzel
hjscez,Hurtbreak
53021898,donkey-grandpa
54894028,blueshadow
hearyin,1815039
132056679,veverlee
ZebraBookstore,yinxiang
73122249,wenzel
2003629,veverlee
2003629,3982646
xiubei,rakumm
donkey-grandpa,53021898
Newidiot,fotox
Newidiot,53269895
Newidiot,69290051
Newidiot,53886643
Newidiot,along
Newidiot,58059498
Newidiot,yinxiang
Newidiot,chunsue
Newidiot,satan163
Newidiot,rakumm
Newidiot,scaryzion
Newidiot,3718831
Newidiot,veverlee
Newidiot,wenzel
Newidiot,angle223
48687824,Death1nJuly
48687824,3718831
3718831,shaomao1
3718831,69290051
3718831,58059498
3718831,1815039
3718831,75805315
3718831,49612534
3718831,veverlee
3718831,yinxiang
3718831,satan163
3718831,48687824
3718831,Death1nJuly
3718831,FrankWasabi
3718831,imecstasy
3718831,wenzel
3718831,chunsue
3718831,along
Death1nJuly,48687824
Death1nJuly,3718831
Death1nJuly,wenzel
Death1nJuly,shaomao1
Death1nJuly,chrisWen
48673876,58059498
48673876,69290051
48673876,75805315
48673876,blueshadow
chansi,yinxiang
chansi,satan163
chansi,2429292
chansi,veverlee
sho_chiu,catherinehman
pussio,david214
pussio,58059498
pussio,satan163
132539193,veverlee
91226711,69290051
91226711,58059498
zero8,zuosan
46721798,54277204
50967494,58059498
51354919,129783136
68639087,98956225
66479915,aaaaaaaaaaa
66479915,yinxiang
66479915,veverlee
138168992,2429292
138168992,2946082
ruo222,yinxiang
103400485,2429292
103400485,veverlee
103400485,yinxiang
103400485,69290051
103400485,satan163
103400485,58059498
103400485,wenzel
103400485,3718831
vliangfrank,along
boks,tildali1214
boks,chunsue
unnanae,yanluohan
unnanae,80722428
unnanae,fotox
unnanae,satan163
unnanae,veverlee
unnanae,angle223
petertang,72783700
petertang,veverlee
petertang,yinxiang
chunsue,shaomao1
chunsue,catherinehman
chunsue,FrankWasabi
chunsue,boks
chunsue,imecstasy
chunsue,hankluo
chunsue,3718831
chunsue,veverlee
3335015,58059498
3335015,angle223
noahsart,58059498
noahsart,veverlee
noahsart,yinxiang
noahsart,49213881
noahsart,rakumm
noahsart,wenzel
sherryxie0805,imecstasy
little-wen,wenzel
13818711,blueshadow
smileykiko,chunsue
smileykiko,wenzel
lihudo,Zazai
echo19870605bj,Mrs_Dalloway
71298339,58059498
